{
  "Radius": 0.9546394,
  "Subdivisions": 3,
  "Probability": 0.7272547,
  "Offset Scale": 0.1240525
}