{
  "Radius": 96.1257,
  "Subdivisions": 3,
  "Probability": 0.4849145,
  "Offset Scale": 4.458321
}